bvets motor noise table 0.01,,,,,
#,0,1,2,3,4
7.98817,,0,,,0
8.16568,,0.7,,,0
10.8284,,0.7,,,0
11.0059,,0.75,,,0
15.9763,,1,,,0
17.7515,0,,,,0
28.9349,0.75,,,,0
56.2722,0.5,,,,0
59.1124,0.23,,,,0
65.6805,0.17,,0,,0
65.858,0,,0.04,,0
76.3314,,0.4,0.12,,0
79.8817,,,0.12,,0
81.6568,,0.1,0.1,0,0
81.8343,,0,,0.16,0
88.7574,,,0.16,,0
133.136,,,,0,0
172.189,,,0.16,,0
239.644,,,0.12,,0
300,,,0.12,,0
